id,kode_provinsi,nama_provinsi,kode_kabupaten_kota,nama_kabupaten_kota,jenis_pupuk,volume,satuan,tahun,jenis_pupuk_encoded,volume_normalized,volume_standardized,delta,cluster
1,32,JAWA BARAT,3201,KABUPATEN BOGOR,UREA,13997.76,TON,2021,4,0.19928519199360364,0.2800976881029335,,0
2,32,JAWA BARAT,3201,KABUPATEN BOGOR,ZA,611.57,TON,2021,5,0.008706882020232395,-0.639173769940613,,0
3,32,JAWA BARAT,3201,KABUPATEN BOGOR,NPK,9248.44,TON,2021,0,0.1316694343267297,-0.04605294334002199,,0
4,32,JAWA BARAT,3202,KABUPATEN SUKABUMI,UREA,30280.38,TON,2021,4,0.43109978610429645,1.3982760366971947,,0
5,32,JAWA BARAT,3202,KABUPATEN SUKABUMI,ZA,784.26,TON,2021,5,0.011165458235667964,-0.6273146085145807,,0
6,32,JAWA BARAT,3202,KABUPATEN SUKABUMI,NPK,28340.22,TON,2021,0,0.40347785530263175,1.2650391924541526,,0
7,32,JAWA BARAT,3203,KABUPATEN CIANJUR,UREA,32421.99,TON,2021,4,0.46158974735705555,1.545347081352966,,2
8,32,JAWA BARAT,3203,KABUPATEN CIANJUR,ZA,2430.43,TON,2021,5,0.03460187266941383,-0.5142669753876383,,2
9,32,JAWA BARAT,3203,KABUPATEN CIANJUR,NPK,24773.41,TON,2021,0,0.3526974150282803,1.020095214424235,,2
10,32,JAWA BARAT,3204,KABUPATEN BANDUNG,UREA,21076.22,TON,2021,4,0.30006076323636277,0.7661976347571289,,2
11,32,JAWA BARAT,3204,KABUPATEN BANDUNG,ZA,3862.27,TON,2021,5,0.054986884935956576,-0.41593805248387916,,2
12,32,JAWA BARAT,3204,KABUPATEN BANDUNG,NPK,11250.1,TON,2021,0,0.16016693659894443,0.09140729790169393,,2
13,32,JAWA BARAT,3205,KABUPATEN GARUT,UREA,54649.96,TON,2021,4,0.778047899881321,3.071811175411709,,2
14,32,JAWA BARAT,3205,KABUPATEN GARUT,ZA,14538.78,TON,2021,5,0.20698765828623758,0.3172512205293162,,2
15,32,JAWA BARAT,3205,KABUPATEN GARUT,NPK,45548.42,TON,2021,0,0.6484698712297751,2.446780009244065,,2
16,32,JAWA BARAT,3206,KABUPATEN TASIKMALAYA,UREA,38945.75,TON,2021,4,0.5544680910434876,1.9933540472727809,,1
17,32,JAWA BARAT,3206,KABUPATEN TASIKMALAYA,ZA,1206.54,TON,2021,5,0.017177430928088676,-0.5983153225861254,,1
18,32,JAWA BARAT,3206,KABUPATEN TASIKMALAYA,NPK,25833.23,TON,2021,0,0.3677860029293917,1.0928763625077234,,1
19,32,JAWA BARAT,3207,KABUPATEN CIAMIS,UREA,10466.3,TON,2021,4,0.14900802735313748,0.03758130493322921,,0
20,32,JAWA BARAT,3207,KABUPATEN CIAMIS,ZA,87.61,TON,2021,5,0.0012472978298356033,-0.6751557389068757,,0
21,32,JAWA BARAT,3207,KABUPATEN CIAMIS,NPK,12175.59,TON,2021,0,0.1733430770912918,0.15496358551637157,,0
22,32,JAWA BARAT,3208,KABUPATEN KUNINGAN,UREA,13926.27,TON,2021,4,0.19826739354759354,0.27518824661618235,,0
23,32,JAWA BARAT,3208,KABUPATEN KUNINGAN,ZA,894.26,TON,2021,5,0.012731521028521707,-0.6197605651023185,,0
24,32,JAWA BARAT,3208,KABUPATEN KUNINGAN,NPK,6289.87,TON,2021,0,0.08954846708079063,-0.24922718168744543,,0
25,32,JAWA BARAT,3209,KABUPATEN CIREBON,UREA,23297.43,TON,2021,4,0.3316839844737688,0.9187350599185008,,0
26,32,JAWA BARAT,3209,KABUPATEN CIREBON,ZA,4073.02,TON,2021,5,0.057987318877719546,-0.40146519203720404,,0
27,32,JAWA BARAT,3209,KABUPATEN CIREBON,NPK,19101.0,TON,2021,0,0.27193968551181213,0.6305531108592329,,0
28,32,JAWA BARAT,3210,KABUPATEN MAJALENGKA,UREA,32332.47,TON,2021,4,0.4603152569823622,1.5391994634778232,,2
29,32,JAWA BARAT,3210,KABUPATEN MAJALENGKA,ZA,5379.47,TON,2021,5,0.07658716192975384,-0.3117471918922045,,2
30,32,JAWA BARAT,3210,KABUPATEN MAJALENGKA,NPK,16549.46,TON,2021,0,0.23561357770746633,0.45533089333083754,,2
31,32,JAWA BARAT,3211,KABUPATEN SUMEDANG,UREA,15642.52,TON,2021,4,0.22270153234973203,0.39304849212795506,,0
32,32,JAWA BARAT,3211,KABUPATEN SUMEDANG,ZA,755.02,TON,2021,5,0.010749170271458478,-0.6293226105998039,,0
33,32,JAWA BARAT,3211,KABUPATEN SUMEDANG,NPK,10847.24,TON,2021,0,0.15443144517413482,0.06374164400111254,,0
34,32,JAWA BARAT,3212,KABUPATEN INDRAMAYU,UREA,54118.63,TON,2021,4,0.770483389483803,3.0353230855368247,,1
35,32,JAWA BARAT,3212,KABUPATEN INDRAMAYU,ZA,1023.0,TON,2021,5,0.014564383973539805,-0.6109195873850946,,1
36,32,JAWA BARAT,3212,KABUPATEN INDRAMAYU,NPK,40507.94,TON,2021,0,0.5767088877195621,2.1006345116200706,,1
37,32,JAWA BARAT,3213,KABUPATEN SUBANG,UREA,37846.72,TON,2021,4,0.5388212729413963,1.9178802260784307,,1
38,32,JAWA BARAT,3213,KABUPATEN SUBANG,ZA,139.99,TON,2021,5,0.001993028457923595,-0.6715586407802004,,1
39,32,JAWA BARAT,3213,KABUPATEN SUBANG,NPK,30191.62,TON,2021,0,0.42983611579980824,1.3921806103947183,,1
40,32,JAWA BARAT,3214,KABUPATEN PURWAKARTA,UREA,7764.09,TON,2021,4,0.11053684063061649,-0.14798789187630743,,0
41,32,JAWA BARAT,3214,KABUPATEN PURWAKARTA,ZA,14.25,TON,2021,5,0.00020287631634696208,-0.6801935991316354,,0
42,32,JAWA BARAT,3214,KABUPATEN PURWAKARTA,NPK,5593.32,TON,2021,0,0.0796317303684063,-0.2970614447675476,,0
43,32,JAWA BARAT,3215,KABUPATEN KARAWANG,UREA,49197.75,TON,2021,4,0.7004251433374564,2.697390893295618,,1
44,32,JAWA BARAT,3215,KABUPATEN KARAWANG,ZA,90.0,TON,2021,5,0.001281324103243971,-0.6749916101454639,,1
45,32,JAWA BARAT,3215,KABUPATEN KARAWANG,NPK,29466.8,TON,2021,0,0.4195169009496605,1.3424049581576647,,1
46,32,JAWA BARAT,3216,KABUPATEN BEKASI,UREA,19811.35,TON,2021,4,0.28205289192002714,0.6793350630219642,,0
47,32,JAWA BARAT,3216,KABUPATEN BEKASI,ZA,0.0,TON,2021,5,0.0,-0.681172191119133,,0
48,32,JAWA BARAT,3216,KABUPATEN BEKASI,NPK,11794.74,TON,2021,0,0.16792094059439772,0.12880942702946194,,0
49,32,JAWA BARAT,3217,KABUPATEN BANDUNG BARAT,UREA,10670.98,TON,2021,4,0.15192204310260388,0.051637319529791295,,0
50,32,JAWA BARAT,3217,KABUPATEN BANDUNG BARAT,ZA,1217.95,TON,2021,5,0.017339874350511052,-0.597531762264908,,0
51,32,JAWA BARAT,3217,KABUPATEN BANDUNG BARAT,NPK,6787.51,TON,2021,0,0.09663333515566096,-0.21505268929037122,,0
52,32,JAWA BARAT,3218,KABUPATEN PANGANDARAN,UREA,6064.02,TON,2021,4,0.08633305542837229,-0.26473700627525826,,0
53,32,JAWA BARAT,3218,KABUPATEN PANGANDARAN,ZA,4.9,TON,2021,5,6.976097895439399e-05,-0.6808356928216777,,0
54,32,JAWA BARAT,3218,KABUPATEN PANGANDARAN,NPK,5409.1,TON,2021,0,0.07700900229841072,-0.30971240728942884,,0
55,32,JAWA BARAT,3271,KOTA BOGOR,UREA,147.14,TON,2021,4,0.0020948225394590877,-0.6710676279584034,,0
56,32,JAWA BARAT,3271,KOTA BOGOR,ZA,0.0,TON,2021,5,0.0,-0.681172191119133,,0
57,32,JAWA BARAT,3271,KOTA BOGOR,NPK,39.2,TON,2021,0,0.0005580878316351519,-0.6784802047394904,,0
58,32,JAWA BARAT,3272,KOTA SUKABUMI,UREA,543.38,TON,2021,4,0.007736065458007878,-0.6438565901249964,,0
59,32,JAWA BARAT,3272,KOTA SUKABUMI,ZA,1.8,TON,2021,5,2.562648206487942e-05,-0.6810485794996597,,0
60,32,JAWA BARAT,3272,KOTA SUKABUMI,NPK,604.0,TON,2021,0,0.008599108426215096,-0.6396936254736205,,0
61,32,JAWA BARAT,3273,KOTA BANDUNG,UREA,249.26,TON,2021,4,0.0035486982886065803,-0.6640547287469468,,2
62,32,JAWA BARAT,3273,KOTA BANDUNG,ZA,0.0,TON,2021,5,0.0,-0.681172191119133,,2
63,32,JAWA BARAT,3273,KOTA BANDUNG,NPK,112.0,TON,2021,0,0.0015945366618147195,-0.6734808014630115,,2
64,32,JAWA BARAT,3274,KOTA CIREBON,UREA,55.0,TON,2021,4,0.0007830313964268713,-0.6773951694130019,,0
65,32,JAWA BARAT,3274,KOTA CIREBON,ZA,0.0,TON,2021,5,0.0,-0.681172191119133,,0
66,32,JAWA BARAT,3274,KOTA CIREBON,NPK,14.5,TON,2021,0,0.00020643554996708423,-0.680176430851153,,0
67,32,JAWA BARAT,3275,KOTA BEKASI,UREA,82.01,TON,2021,4,0.0011675709967448676,-0.6755403083896818,,0
68,32,JAWA BARAT,3275,KOTA BEKASI,ZA,0.0,TON,2021,5,0.0,-0.681172191119133,,0
69,32,JAWA BARAT,3275,KOTA BEKASI,NPK,50.0,TON,2021,0,0.0007118467240244283,-0.6777385350226501,,0
70,32,JAWA BARAT,3276,KOTA DEPOK,UREA,18.13,TON,2021,4,0.0002581156221312577,-0.6799271474185484,,0
71,32,JAWA BARAT,3276,KOTA DEPOK,ZA,0.0,TON,2021,5,0.0,-0.681172191119133,,0
72,32,JAWA BARAT,3276,KOTA DEPOK,NPK,0.0,TON,2021,0,0.0,-0.681172191119133,,0
73,32,JAWA BARAT,3277,KOTA CIMAHI,UREA,47.57,TON,2021,4,0.0006772509732368412,-0.6779054107089393,,0
74,32,JAWA BARAT,3277,KOTA CIMAHI,ZA,0.562,TON,2021,5,8.001157178034575e-06,-0.6811335968246085,,0
75,32,JAWA BARAT,3277,KOTA CIMAHI,NPK,14.22,TON,2021,0,0.00020244920831254744,-0.6801956593252934,,0
76,32,JAWA BARAT,3278,KOTA TASIKMALAYA,UREA,1791.83,TON,2021,4,0.02551016631017383,-0.5581216310519168,,0
77,32,JAWA BARAT,3278,KOTA TASIKMALAYA,ZA,58.12,TON,2021,5,0.0008274506320059955,-0.6771809092725813,,0
78,32,JAWA BARAT,3278,KOTA TASIKMALAYA,NPK,1720.69,TON,2021,0,0.024497350791231873,-0.5630070369459926,,0
79,32,JAWA BARAT,3279,KOTA BANJAR,UREA,1272.44,TON,2021,4,0.018115644910352873,-0.593789763850961,,0
80,32,JAWA BARAT,3279,KOTA BANJAR,ZA,21.73,TON,2021,5,0.0003093685862610166,-0.6796799241796015,,0
81,32,JAWA BARAT,3279,KOTA BANJAR,NPK,1078.27,TON,2021,0,0.015351259342276408,-0.6071240239360424,,0
82,32,JAWA BARAT,3201,KABUPATEN BOGOR,UREA,12712.97,TON,2023,4,0.18099372094241672,0.19186714777893024,-7412.48,0
83,32,JAWA BARAT,3201,KABUPATEN BOGOR,NPK,7339.85,TON,2023,0,0.10449696354661402,-0.1771217771237448,-7412.48,0
84,32,JAWA BARAT,3202,KABUPATEN SUKABUMI,UREA,25158.19,TON,2023,4,0.35817550267768267,1.046519258280328,-20690.810000000005,0
85,32,JAWA BARAT,3202,KABUPATEN SUKABUMI,NPK,16830.45,TON,2023,0,0.23961401392713882,0.4746273538618518,-20690.810000000005,0
86,32,JAWA BARAT,3203,KABUPATEN CIANJUR,UREA,30298.47,TON,2023,4,0.4313573322490485,1.3995183334729022,-25492.789999999994,2
87,32,JAWA BARAT,3203,KABUPATEN CIANJUR,NPK,15799.45,TON,2023,0,0.2249357344777551,0.40382536515237605,-25492.789999999994,2
88,32,JAWA BARAT,3204,KABUPATEN BANDUNG,UREA,17187.2,TON,2023,4,0.2446930403030531,0.49912649011025667,-23867.959999999995,2
89,32,JAWA BARAT,3204,KABUPATEN BANDUNG,NPK,7444.14,TON,2023,0,0.10598173344358416,-0.16995985723770096,-23867.959999999995,2
90,32,JAWA BARAT,3205,KABUPATEN GARUT,UREA,45144.24,TON,2023,4,0.6427155870514512,2.419023706822536,-45476.37000000001,2
91,32,JAWA BARAT,3205,KABUPATEN GARUT,NPK,34598.0,TON,2023,0,0.49256945915594347,1.6947804814031173,-45476.37000000001,2
92,32,JAWA BARAT,3206,KABUPATEN TASIKMALAYA,UREA,35661.36,TON,2023,4,0.5077084458051158,1.7678047323382369,-27781.459999999992,1
93,32,JAWA BARAT,3206,KABUPATEN TASIKMALAYA,NPK,22952.03,TON,2023,0,0.326766547304208,0.8950153636039974,-27781.459999999992,1
94,32,JAWA BARAT,3207,KABUPATEN CIAMIS,UREA,8559.29,TON,2023,4,0.121858050929501,-0.09337902531784463,-15044.439999999999,0
95,32,JAWA BARAT,3207,KABUPATEN CIAMIS,NPK,7118.19,TON,2023,0,0.1013412046496689,-0.1923438613306725,-15044.439999999999,0
96,32,JAWA BARAT,3208,KABUPATEN KUNINGAN,UREA,12930.93,TON,2023,4,0.18409680318178404,0.2068351414347182,-7521.600000000002,0
97,32,JAWA BARAT,3208,KABUPATEN KUNINGAN,NPK,3976.94,TON,2023,0,0.056619434212834205,-0.40806330559220544,-7521.600000000002,0
98,32,JAWA BARAT,3209,KABUPATEN CIREBON,UREA,24869.1,TON,2023,4,0.3540597472887182,1.0266665454616837,-14499.30000000001,0
99,32,JAWA BARAT,3209,KABUPATEN CIREBON,NPK,13588.27,TON,2023,0,0.1934553096931884,0.25197673140395854,-14499.30000000001,0
100,32,JAWA BARAT,3210,KABUPATEN MAJALENGKA,UREA,31432.52,TON,2023,4,0.4475027277966465,1.4773970873972289,-14017.149999999994,2
101,32,JAWA BARAT,3210,KABUPATEN MAJALENGKA,NPK,12650.25,TON,2023,0,0.1801007804118005,0.18755996957150226,-14017.149999999994,2
102,32,JAWA BARAT,3211,KABUPATEN SUMEDANG,UREA,13548.79,TON,2023,4,0.1928932355198987,0.24926551655017573,-11274.09,0
103,32,JAWA BARAT,3211,KABUPATEN SUMEDANG,NPK,6675.7,TON,2023,0,0.09504150351139752,-0.22273103105332612,-11274.09,0
104,32,JAWA BARAT,3212,KABUPATEN INDRAMAYU,UREA,65467.9,TON,2023,4,0.9320622028751775,3.814712888059416,-12169.729999999996,1
105,32,JAWA BARAT,3212,KABUPATEN INDRAMAYU,NPK,40055.51,TON,2023,0,0.5702676714525546,2.0695647310654364,-12169.729999999996,1
106,32,JAWA BARAT,3213,KABUPATEN SUBANG,UREA,41299.26,TON,2023,4,0.5879748587126623,2.1549769264654466,-20338.579999999994,1
107,32,JAWA BARAT,3213,KABUPATEN SUBANG,NPK,23567.5,TON,2023,0,0.3355289533689143,0.937281609958043,-20338.579999999994,1
108,32,JAWA BARAT,3214,KABUPATEN PURWAKARTA,UREA,7235.41,TON,2023,4,0.10301005810947178,-0.18429399797807816,-3727.1000000000004,0
109,32,JAWA BARAT,3214,KABUPATEN PURWAKARTA,NPK,4045.85,TON,2023,0,0.05760050136788467,-0.40333104076003284,-3727.1000000000004,0
110,32,JAWA BARAT,3215,KABUPATEN KARAWANG,UREA,51912.37,TON,2023,4,0.7390730104168803,2.8838123235483013,-11834.509999999995,1
111,32,JAWA BARAT,3215,KABUPATEN KARAWANG,NPK,25953.07,TON,2023,0,0.3694921571575334,1.1011061494397734,-11834.509999999995,1
112,32,JAWA BARAT,3216,KABUPATEN BEKASI,UREA,21887.01,TON,2023,4,0.31160392734379805,0.8218771152864748,-5436.5999999999985,0
113,32,JAWA BARAT,3216,KABUPATEN BEKASI,NPK,10638.03,TON,2023,0,0.15145293611147181,0.04937454016220919,-5436.5999999999985,0
114,32,JAWA BARAT,3217,KABUPATEN BANDUNG BARAT,UREA,8526.54,TON,2023,4,0.12139179132526501,-0.09562807006104088,-8652.759999999998,0
115,32,JAWA BARAT,3217,KABUPATEN BANDUNG BARAT,NPK,3933.73,TON,2023,0,0.056004256273932296,-0.41103067119078596,-8652.759999999998,0
116,32,JAWA BARAT,3218,KABUPATEN PANGANDARAN,UREA,5169.52,TON,2023,4,0.07359811753557527,-0.3261651138413359,-5862.110000000001,0
117,32,JAWA BARAT,3218,KABUPATEN PANGANDARAN,NPK,3434.3,TON,2023,0,0.04889390408634189,-0.44532808847611416,-5862.110000000001,0
118,32,JAWA BARAT,3271,KOTA BOGOR,UREA,51.67,TON,2023,4,0.0007356224046068444,-0.6776238509090277,-110.93,0
119,32,JAWA BARAT,3271,KOTA BOGOR,NPK,17.42,TON,2023,0,0.0002480073986501109,-0.6799759053351184,-110.93,0
120,32,JAWA BARAT,3272,KOTA SUKABUMI,UREA,604.0,TON,2023,4,0.008599108426215096,-0.6396936254736205,-164.04999999999995,0
121,32,JAWA BARAT,3272,KOTA SUKABUMI,NPK,412.51,TON,2023,0,0.0058728778425463386,-0.6528438415919304,-164.04999999999995,0
122,32,JAWA BARAT,3273,KOTA BANDUNG,UREA,247.67,TON,2023,4,0.0035260615627826035,-0.664163919010815,-48176.439999999995,2
123,32,JAWA BARAT,3273,KOTA BANDUNG,NPK,75.19,TON,2023,0,0.0010704751035879353,-0.6760086590812421,-48176.439999999995,2
124,32,JAWA BARAT,3274,KOTA CIREBON,UREA,44.05,TON,2023,4,0.0006271369638655214,-0.6781471400981317,-3.200000000000003,0
125,32,JAWA BARAT,3274,KOTA CIREBON,NPK,12.9,TON,2023,0,0.00018365645479830254,-0.6802863078462404,-3.200000000000003,0
126,32,JAWA BARAT,3275,KOTA BEKASI,UREA,30.41,TON,2023,4,0.00043294517755165736,-0.6790838414812521,-70.3,0
127,32,JAWA BARAT,3275,KOTA BEKASI,NPK,15.81,TON,2023,0,0.00022508593413652427,-0.6800864690614251,-70.3,0
128,32,JAWA BARAT,3276,KOTA DEPOK,UREA,25.69,TON,2023,4,0.0003657468468037513,-0.67940797861676,19.220000000000002,0
129,32,JAWA BARAT,3276,KOTA DEPOK,NPK,5.91,TON,2023,0,8.414028277968743e-05,-0.6807663329685287,19.220000000000002,0
130,32,JAWA BARAT,3277,KOTA CIMAHI,UREA,29.58,TON,2023,4,0.0004211285219328518,-0.6791408401724538,-57.5,0
131,32,JAWA BARAT,3277,KOTA CIMAHI,NPK,14.2,TON,2023,0,0.00020216446962293764,-0.6801970327877318,-57.5,0
132,32,JAWA BARAT,3278,KOTA TASIKMALAYA,UREA,1643.55,TON,2023,4,0.023399113665406986,-0.5683044815716464,-1328.77,0
133,32,JAWA BARAT,3278,KOTA TASIKMALAYA,NPK,1160.97,TON,2023,0,0.016528653823812814,-0.6014447567524599,-1328.77,0
134,32,JAWA BARAT,3279,KOTA BANJAR,UREA,1552.94,TON,2023,4,0.022109105032129917,-0.5745269531496924,-352.6300000000001,0
135,32,JAWA BARAT,3279,KOTA BANJAR,NPK,960.91,TON,2023,0,0.013680412711646269,-0.6151835015257069,-352.6300000000001,0
136,32,JAWA BARAT,3201,KABUPATEN BOGOR,UREA,14760.66,TON,2024,4,0.2101465493087684,0.3324884128230683,6033.1500000000015,0
137,32,JAWA BARAT,3201,KABUPATEN BOGOR,NPK,11312.31,TON,2024,0,0.16105261629297563,0.0956794528169378,6033.1500000000015,0
138,32,JAWA BARAT,3201,KABUPATEN BOGOR,PUPUK ORGANIK,13.0,TON,2024,2,0.00018508014824635138,-0.6802794405340474,6033.1500000000015,0
139,32,JAWA BARAT,3202,KABUPATEN SUKABUMI,UREA,35584.84,TON,2024,4,0.5066190355786687,1.7625498650481792,24011.0,0
140,32,JAWA BARAT,3202,KABUPATEN SUKABUMI,NPK,30342.8,TON,2024,0,0.4319884555545685,1.4025626129680437,24011.0,0
141,32,JAWA BARAT,3202,KABUPATEN SUKABUMI,PUPUK ORGANIK,72.0,TON,2024,2,0.001025059282595177,-0.6762277263401978,24011.0,0
142,32,JAWA BARAT,3203,KABUPATEN CIANJUR,UREA,30668.45,TON,2024,4,0.4366247132681396,1.4249260151244363,13123.930000000008,2
143,32,JAWA BARAT,3203,KABUPATEN CIANJUR,NPK,28553.4,TON,2024,0,0.4065128849951823,1.2796789285871166,13123.930000000008,2
144,32,JAWA BARAT,3203,KABUPATEN CIANJUR,PUPUK ORGANIK,0.0,TON,2024,2,0.0,-0.681172191119133,13123.930000000008,2
145,32,JAWA BARAT,3204,KABUPATEN BANDUNG,UREA,16871.96,TON,2024,4,0.24020498907742388,0.4774779751531517,3745.399999999998,2
146,32,JAWA BARAT,3204,KABUPATEN BANDUNG,NPK,11504.78,TON,2024,0,0.16379279907243527,0.10889696859473884,3745.399999999998,2
147,32,JAWA BARAT,3204,KABUPATEN BANDUNG,PUPUK ORGANIK,0.0,TON,2024,2,0.0,-0.681172191119133,3745.399999999998,2
148,32,JAWA BARAT,3205,KABUPATEN GARUT,UREA,40975.62,TON,2024,4,0.583367217237397,2.1327515572841325,7386.12000000001,2
149,32,JAWA BARAT,3205,KABUPATEN GARUT,NPK,46152.74,TON,2024,0,0.6570735354750239,2.4882805502885943,7386.12000000001,2
150,32,JAWA BARAT,3205,KABUPATEN GARUT,PUPUK ORGANIK,0.0,TON,2024,2,0.0,-0.681172191119133,7386.12000000001,2
151,32,JAWA BARAT,3206,KABUPATEN TASIKMALAYA,UREA,36973.58,TON,2024,4,0.5263904359691025,1.8579189763967705,11341.880000000005,1
152,32,JAWA BARAT,3206,KABUPATEN TASIKMALAYA,NPK,32866.92,TON,2024,0,0.46792418661545926,1.5759018134931277,11341.880000000005,1
153,32,JAWA BARAT,3206,KABUPATEN TASIKMALAYA,PUPUK ORGANIK,114.77,TON,2024,2,0.001633972970325673,-0.6732905769152663,11341.880000000005,1
154,32,JAWA BARAT,3207,KABUPATEN CIAMIS,UREA,10422.07,TON,2024,4,0.1483783277410655,0.03454389275028054,6873.639999999999,0
155,32,JAWA BARAT,3207,KABUPATEN CIAMIS,NPK,12129.05,TON,2024,0,0.17268049016056986,0.1517675384217653,6873.639999999999,0
156,32,JAWA BARAT,3207,KABUPATEN CIAMIS,PUPUK ORGANIK,0.0,TON,2024,2,0.0,-0.681172191119133,6873.639999999999,0
157,32,JAWA BARAT,3208,KABUPATEN KUNINGAN,UREA,14328.94,TON,2024,4,0.20400017995485187,0.3028408526235971,4711.77,0
158,32,JAWA BARAT,3208,KABUPATEN KUNINGAN,NPK,7290.7,TON,2024,0,0.103797218216898,-0.18049706106658747,4711.77,0
159,32,JAWA BARAT,3208,KABUPATEN KUNINGAN,PUPUK ORGANIK,0.0,TON,2024,2,0.0,-0.681172191119133,4711.77,0
160,32,JAWA BARAT,3209,KABUPATEN CIREBON,UREA,22788.05,TON,2024,4,0.3244319747880975,0.8837543450699723,2299.050000000003,0
161,32,JAWA BARAT,3209,KABUPATEN CIREBON,NPK,17968.37,TON,2024,0,0.25581450641117637,0.5527718727680462,2299.050000000003,0
162,32,JAWA BARAT,3209,KABUPATEN CIREBON,PUPUK ORGANIK,0.0,TON,2024,2,0.0,-0.681172191119133,2299.050000000003,0
163,32,JAWA BARAT,3210,KABUPATEN MAJALENGKA,UREA,32028.31,TON,2024,4,0.4559849509907768,1.518311846711699,13661.14,2
164,32,JAWA BARAT,3210,KABUPATEN MAJALENGKA,NPK,25661.4,TON,2024,0,0.36533967047760935,1.0810762599665507,13661.14,2
165,32,JAWA BARAT,3210,KABUPATEN MAJALENGKA,PUPUK ORGANIK,54.2,TON,2024,2,0.0007716418488424803,-0.6774501079105456,13661.14,2
166,32,JAWA BARAT,3211,KABUPATEN SUMEDANG,UREA,16199.88,TON,2024,4,0.23063663015177713,0.43132414336666824,8570.919999999998,0
167,32,JAWA BARAT,3211,KABUPATEN SUMEDANG,NPK,12581.53,TON,2024,0,0.17912241827430134,0.1828407526324963,8570.919999999998,0
168,32,JAWA BARAT,3211,KABUPATEN SUMEDANG,PUPUK ORGANIK,14.0,TON,2024,2,0.00019931708272683993,-0.6802107674121178,8570.919999999998,0
169,32,JAWA BARAT,3212,KABUPATEN INDRAMAYU,UREA,61627.15,TON,2024,4,0.877381696769241,3.5509565950080884,693.2599999999948,1
170,32,JAWA BARAT,3212,KABUPATEN INDRAMAYU,NPK,44563.52,TON,2024,0,0.6344479144599419,2.379143851455546,693.2599999999948,1
171,32,JAWA BARAT,3212,KABUPATEN INDRAMAYU,PUPUK ORGANIK,26.0,TON,2024,2,0.00037016029649270275,-0.6793866899489619,693.2599999999948,1
172,32,JAWA BARAT,3213,KABUPATEN SUBANG,UREA,34836.62,TON,2024,4,0.4959666764616777,1.7111672617579723,-4832.809999999998,1
173,32,JAWA BARAT,3213,KABUPATEN SUBANG,NPK,25197.33,TON,2024,0,0.35873273629324903,1.049207124272655,-4832.809999999998,1
174,32,JAWA BARAT,3213,KABUPATEN SUBANG,PUPUK ORGANIK,0.0,TON,2024,2,0.0,-0.681172191119133,-4832.809999999998,1
175,32,JAWA BARAT,3214,KABUPATEN PURWAKARTA,UREA,7898.28,TON,2024,4,0.11244729486855323,-0.13877264564456684,1999.369999999999,0
176,32,JAWA BARAT,3214,KABUPATEN PURWAKARTA,NPK,5364.34,TON,2024,0,0.07637175711106405,-0.31278621622700026,1999.369999999999,0
177,32,JAWA BARAT,3214,KABUPATEN PURWAKARTA,PUPUK ORGANIK,18.01,TON,2024,2,0.00025640718999359914,-0.6799353881931799,1999.369999999999,0
178,32,JAWA BARAT,3215,KABUPATEN KARAWANG,UREA,46878.32,TON,2024,4,0.6674035703953768,2.5381083940983147,763.0699999999924,1
179,32,JAWA BARAT,3215,KABUPATEN KARAWANG,NPK,31750.19,TON,2024,0,0.4520253747730633,1.4992124780406226,763.0699999999924,1
180,32,JAWA BARAT,3215,KABUPATEN KARAWANG,PUPUK ORGANIK,0.0,TON,2024,2,0.0,-0.681172191119133,763.0699999999924,1
181,32,JAWA BARAT,3216,KABUPATEN BEKASI,UREA,19823.85,TON,2024,4,0.2822308536010333,0.6801934770460849,463.5,0
182,32,JAWA BARAT,3216,KABUPATEN BEKASI,NPK,13134.69,TON,2024,0,0.1869977209515284,0.220827976759105,463.5,0
183,32,JAWA BARAT,3216,KABUPATEN BEKASI,PUPUK ORGANIK,30.0,TON,2024,2,0.00042710803441465704,-0.6791119974612433,463.5,0
184,32,JAWA BARAT,3217,KABUPATEN BANDUNG BARAT,UREA,10737.24,TON,2024,4,0.15286538238128106,0.056187600588850334,6011.75,0
185,32,JAWA BARAT,3217,KABUPATEN BANDUNG BARAT,NPK,7609.78,TON,2024,0,0.10833993927093229,-0.1585848413212727,6011.75,0
186,32,JAWA BARAT,3217,KABUPATEN BANDUNG BARAT,PUPUK ORGANIK,125.0,TON,2024,2,0.0017796168100610709,-0.672588050877926,6011.75,0
187,32,JAWA BARAT,3218,KABUPATEN PANGANDARAN,UREA,6696.9,TON,2024,4,0.09534332652238388,-0.22127516086841742,4569.139999999999,0
188,32,JAWA BARAT,3218,KABUPATEN PANGANDARAN,NPK,6339.59,TON,2024,0,0.09025632746316052,-0.2458127540651029,4569.139999999999,0
189,32,JAWA BARAT,3218,KABUPATEN PANGANDARAN,PUPUK ORGANIK,136.47,TON,2024,2,0.0019429144485522748,-0.6718003701693929,4569.139999999999,0
190,32,JAWA BARAT,3271,KOTA BOGOR,UREA,67.32,TON,2024,4,0.0009584304292264903,-0.6765491165508285,37.95999999999998,0
191,32,JAWA BARAT,3271,KOTA BOGOR,NPK,36.73,TON,2024,0,0.0005229226034683451,-0.6786498273506567,37.95999999999998,0
192,32,JAWA BARAT,3271,KOTA BOGOR,PUPUK ORGANIK,3.0,TON,2024,2,4.2710803441465704e-05,-0.6809661717533441,37.95999999999998,0
193,32,JAWA BARAT,3272,KOTA SUKABUMI,UREA,746.72,TON,2024,4,0.010631003715270423,-0.62989259751182,349.8499999999999,0
194,32,JAWA BARAT,3272,KOTA SUKABUMI,NPK,609.81,TON,2024,0,0.008681825015546733,-0.6392946346352093,349.8499999999999,0
195,32,JAWA BARAT,3272,KOTA SUKABUMI,PUPUK ORGANIK,9.83,TON,2024,2,0.0001399490659432026,-0.6804971343305645,349.8499999999999,0
196,32,JAWA BARAT,3273,KOTA BANDUNG,UREA,335.83,TON,2024,4,0.004781189706582476,-0.6581096965814965,180.96999999999997,2
197,32,JAWA BARAT,3273,KOTA BANDUNG,NPK,159.0,TON,2024,0,0.002263672582397682,-0.6702531647323177,180.96999999999997,2
198,32,JAWA BARAT,3273,KOTA BANDUNG,PUPUK ORGANIK,9.0,TON,2024,2,0.0001281324103243971,-0.680554133021766,180.96999999999997,2
199,32,JAWA BARAT,3274,KOTA CIREBON,UREA,31.6,TON,2024,4,0.00044988712958343876,-0.6790021204661558,4.70000000000001,0
200,32,JAWA BARAT,3274,KOTA CIREBON,NPK,30.05,TON,2024,0,0.00042781988113868146,-0.6791085638051468,4.70000000000001,0
201,32,JAWA BARAT,3274,KOTA CIREBON,PUPUK ORGANIK,0.0,TON,2024,2,0.0,-0.681172191119133,4.70000000000001,0
202,32,JAWA BARAT,3275,KOTA BEKASI,UREA,13.18,TON,2024,4,0.00018764279645283933,-0.6802670793721001,-21.39,0
203,32,JAWA BARAT,3275,KOTA BEKASI,NPK,11.65,TON,2024,0,0.0001658602866976918,-0.6803721492486525,-21.39,0
204,32,JAWA BARAT,3275,KOTA BEKASI,PUPUK ORGANIK,0.0,TON,2024,2,0.0,-0.681172191119133,-21.39,0
205,32,JAWA BARAT,3276,KOTA DEPOK,UREA,10.92,TON,2024,4,0.00015546732452693514,-0.6804222806276612,-17.92,0
206,32,JAWA BARAT,3276,KOTA DEPOK,NPK,2.76,TON,2024,0,3.929393916614844e-05,-0.6809826533026071,-17.92,0
207,32,JAWA BARAT,3276,KOTA DEPOK,PUPUK ORGANIK,0.0,TON,2024,2,0.0,-0.681172191119133,-17.92,0
208,32,JAWA BARAT,3277,KOTA CIMAHI,UREA,32.78,TON,2024,4,0.00046668671227041524,-0.6789210861822789,7.3700000000000045,0
209,32,JAWA BARAT,3277,KOTA CIMAHI,NPK,18.37,TON,2024,0,0.000261532486406575,-0.6799106658692852,7.3700000000000045,0
210,32,JAWA BARAT,3277,KOTA CIMAHI,PUPUK ORGANIK,0.0,TON,2024,2,0.0,-0.681172191119133,7.3700000000000045,0
211,32,JAWA BARAT,3278,KOTA TASIKMALAYA,UREA,2247.9,TON,2024,4,0.03200320501869025,-0.5268018803334585,1328.3200000000002,0
212,32,JAWA BARAT,3278,KOTA TASIKMALAYA,NPK,1860.55,TON,2024,0,0.026488528447673004,-0.5534024141129109,1328.3200000000002,0
213,32,JAWA BARAT,3278,KOTA TASIKMALAYA,PUPUK ORGANIK,24.39,TON,2024,2,0.0003472388319791162,-0.6794972536752687,1328.3200000000002,0
214,32,JAWA BARAT,3279,KOTA BANJAR,UREA,1447.6,TON,2024,4,0.020609386353955247,-0.5817609798137624,170.3800000000001,0
215,32,JAWA BARAT,3279,KOTA BANJAR,NPK,1236.63,TON,2024,0,0.01760582028660658,-0.5962489483472619,170.3800000000001,0
216,32,JAWA BARAT,3279,KOTA BANJAR,PUPUK ORGANIK,0.0,TON,2024,2,0.0,-0.681172191119133,170.3800000000001,0
217,32,JAWA BARAT,3201,KABUPATEN BOGOR,UREA,16006.27,TON,2022,4,0.22788021726700974,0.41802834022986757,3607.529999999999,0
218,32,JAWA BARAT,3201,KABUPATEN BOGOR,SP-36,851.17,TON,2022,3,0.012118051521757453,-0.6227196899262674,3607.529999999999,0
219,32,JAWA BARAT,3201,KABUPATEN BOGOR,ZA,384.86,TON,2022,5,0.00547922660416083,-0.6547426534132854,3607.529999999999,0
220,32,JAWA BARAT,3201,KABUPATEN BOGOR,NPK,9820.24,TON,2022,0,0.13981011346267305,-0.006785652220644536,3607.529999999999,0
221,32,JAWA BARAT,3201,KABUPATEN BOGOR,ORGANIK GRANUL,402.76,TON,2022,1,0.005734067731361575,-0.6535134045307446,3607.529999999999,0
222,32,JAWA BARAT,3202,KABUPATEN SUKABUMI,UREA,30458.0,TON,2022,4,0.43362855040672077,1.4104737566143402,3274.590000000004,0
223,32,JAWA BARAT,3202,KABUPATEN SUKABUMI,SP-36,1588.95,TON,2022,3,0.02262177704277231,-0.5720540340290055,3274.590000000004,0
224,32,JAWA BARAT,3202,KABUPATEN SUKABUMI,ZA,433.54,TON,2022,5,0.0061722805746710135,-0.6513996458377497,3274.590000000004,0
225,32,JAWA BARAT,3202,KABUPATEN SUKABUMI,NPK,29429.91,TON,2022,0,0.4189917004366753,1.3398716066896796,3274.590000000004,0
226,32,JAWA BARAT,3202,KABUPATEN SUKABUMI,ORGANIK GRANUL,769.05,TON,2022,1,0.010948914462219732,-0.6283591266991309,3274.590000000004,0
227,32,JAWA BARAT,3203,KABUPATEN CIANJUR,UREA,36724.07,TON,2022,4,0.5228381784468757,1.8407843457441018,11964.87999999999,2
228,32,JAWA BARAT,3203,KABUPATEN CIANJUR,SP-36,3470.17,TON,2022,3,0.049404582926157015,-0.4428647835924974,11964.87999999999,2
229,32,JAWA BARAT,3203,KABUPATEN CIANJUR,ZA,2386.35,TON,2022,5,0.033974308597513894,-0.5172940866022976,11964.87999999999,2
230,32,JAWA BARAT,3203,KABUPATEN CIANJUR,NPK,28102.12,TON,2022,0,0.40008804120282737,1.2486881221227013,11964.87999999999,2
231,32,JAWA BARAT,3203,KABUPATEN CIANJUR,ORGANIK GRANUL,908.0,TON,2022,1,0.012927136508283619,-0.618816996407005,11964.87999999999,2
232,32,JAWA BARAT,3204,KABUPATEN BANDUNG,UREA,22491.17,TON,2022,4,0.32020531367953003,0.8633666686314959,12310.709999999992,2
233,32,JAWA BARAT,3204,KABUPATEN BANDUNG,SP-36,4799.82,TON,2022,3,0.06833472285813863,-0.35155356701872986,12310.709999999992,2
234,32,JAWA BARAT,3204,KABUPATEN BANDUNG,ZA,5982.44,TON,2022,5,0.08517160631345402,-0.27033935956227967,12310.709999999992,2
235,32,JAWA BARAT,3204,KABUPATEN BANDUNG,NPK,13527.0,TON,2022,0,0.19258301271756886,0.24776912922332844,12310.709999999992,2
236,32,JAWA BARAT,3204,KABUPATEN BANDUNG,ORGANIK GRANUL,1698.87,TON,2022,1,0.02418670088086761,-0.5645054844664977,12310.709999999992,2
237,32,JAWA BARAT,3205,KABUPATEN GARUT,UREA,53081.96,TON,2022,4,0.7557243866159149,2.964131720226008,10481.449999999997,2
238,32,JAWA BARAT,3205,KABUPATEN GARUT,SP-36,9225.53,TON,2022,3,0.1313432661577817,-0.047626244563430405,10481.449999999997,2
239,32,JAWA BARAT,3205,KABUPATEN GARUT,ZA,9376.82,TON,2022,5,0.1334971719753348,-0.03723668794669276,10481.449999999997,2
240,32,JAWA BARAT,3205,KABUPATEN GARUT,NPK,52707.13,TON,2022,0,0.7503879564645933,2.9383909739331147,10481.449999999997,2
241,32,JAWA BARAT,3205,KABUPATEN GARUT,ORGANIK GRANUL,827.17,TON,2022,1,0.011776365094225728,-0.6243678448525791,10481.449999999997,2
242,32,JAWA BARAT,3206,KABUPATEN TASIKMALAYA,UREA,47347.28,TON,2022,4,0.6740801231893467,2.570313341358447,20409.329999999987,1
243,32,JAWA BARAT,3206,KABUPATEN TASIKMALAYA,SP-36,2150.19,TON,2022,3,0.030612114150601714,-0.5335119310772052,20409.329999999987,1
244,32,JAWA BARAT,3206,KABUPATEN TASIKMALAYA,ZA,597.55,TON,2022,5,0.008507280198815944,-0.640136567110067,20409.329999999987,1
245,32,JAWA BARAT,3206,KABUPATEN TASIKMALAYA,NPK,33532.71,TON,2022,0,0.47740299522322377,1.6216236913426738,20409.329999999987,1
246,32,JAWA BARAT,3206,KABUPATEN TASIKMALAYA,ORGANIK GRANUL,2767.12,TON,2022,1,0.039395306139649526,-0.4911454219651423,20409.329999999987,1
247,32,JAWA BARAT,3207,KABUPATEN CIAMIS,UREA,13351.19,TON,2022,4,0.19008001726655416,0.2356957076568756,7992.419999999998,0
248,32,JAWA BARAT,3207,KABUPATEN CIAMIS,SP-36,122.6,TON,2022,3,0.0017454481673078984,-0.6727528663705571,7992.419999999998,0
249,32,JAWA BARAT,3207,KABUPATEN CIAMIS,ZA,62.37,TON,2022,5,0.000887957603548072,-0.6768890485043803,7992.419999999998,0
250,32,JAWA BARAT,3207,KABUPATEN CIAMIS,NPK,15470.65,TON,2022,0,0.22025463042057045,0.38124564266190497,7992.419999999998,0
251,32,JAWA BARAT,3207,KABUPATEN CIAMIS,ORGANIK GRANUL,1715.11,TON,2022,1,0.024417908696830744,-0.56339023296636,7992.419999999998,0
252,32,JAWA BARAT,3208,KABUPATEN KUNINGAN,UREA,15676.86,TON,2022,4,0.22319042867979202,0.3954067271350195,3319.0699999999997,0
253,32,JAWA BARAT,3208,KABUPATEN KUNINGAN,SP-36,443.92,TON,2022,3,0.006320059954578485,-0.65068681883212,3319.0699999999997,0
254,32,JAWA BARAT,3208,KABUPATEN KUNINGAN,ZA,526.54,TON,2022,5,0.007496315481356449,-0.6450130454982916,3319.0699999999997,0
255,32,JAWA BARAT,3208,KABUPATEN KUNINGAN,NPK,7138.94,TON,2022,0,0.10163662104013906,-0.19091889405063212,3319.0699999999997,0
256,32,JAWA BARAT,3208,KABUPATEN KUNINGAN,ORGANIK GRANUL,643.21,TON,2022,1,0.009157338627195052,-0.6370009523627588,3319.0699999999997,0
257,32,JAWA BARAT,3209,KABUPATEN CIREBON,UREA,28422.61,TON,2022,4,0.4046508363344792,1.2706971709699368,6485.220000000008,0
258,32,JAWA BARAT,3209,KABUPATEN CIREBON,SP-36,589.79,TON,2022,3,0.008396801587247352,-0.6406694705362409,6485.220000000008,0
259,32,JAWA BARAT,3209,KABUPATEN CIREBON,ZA,2914.38,TON,2022,5,0.04149183711124627,-0.48103261802978114,6485.220000000008,0
260,32,JAWA BARAT,3209,KABUPATEN CIREBON,NPK,20507.16,TON,2022,0,0.2919590933008959,0.7271185079918385,6485.220000000008,0
261,32,JAWA BARAT,3209,KABUPATEN CIREBON,ORGANIK GRANUL,522.73,TON,2022,1,0.007442072760985789,-0.6452746900928438,6485.220000000008,0
262,32,JAWA BARAT,3210,KABUPATEN MAJALENGKA,UREA,34279.29,TON,2022,4,0.488032005767667,1.6728936707129167,3838.519999999997,2
263,32,JAWA BARAT,3210,KABUPATEN MAJALENGKA,SP-36,1466.41,TON,2022,3,0.02087718309153324,-0.5804692383902657,3838.519999999997,2
264,32,JAWA BARAT,3210,KABUPATEN MAJALENGKA,ZA,2738.82,TON,2022,5,0.0389924008938517,-0.49308887131575163,3838.519999999997,2
265,32,JAWA BARAT,3210,KABUPATEN MAJALENGKA,NPK,18486.8,TON,2022,0,0.263195360353896,0.5883740793700379,3838.519999999997,2
266,32,JAWA BARAT,3210,KABUPATEN MAJALENGKA,ORGANIK GRANUL,1128.6,TON,2022,1,0.016067804254679397,-0.6036677057093228,3838.519999999997,2
267,32,JAWA BARAT,3211,KABUPATEN SUMEDANG,UREA,16669.29,TON,2022,4,0.23731958956626328,0.4635599935316684,4253.800000000003,0
268,32,JAWA BARAT,3211,KABUPATEN SUMEDANG,SP-36,641.47,TON,2022,3,0.009132566361199001,-0.6371204435949164,4253.800000000003,0
269,32,JAWA BARAT,3211,KABUPATEN SUMEDANG,ZA,617.13,TON,2022,5,0.00878603937594391,-0.6387919473826842,4253.800000000003,0
270,32,JAWA BARAT,3211,KABUPATEN SUMEDANG,NPK,12858.76,TON,2022,0,0.18306932362032718,0.2018790022250549,4253.800000000003,0
271,32,JAWA BARAT,3211,KABUPATEN SUMEDANG,ORGANIK GRANUL,711.93,TON,2022,1,0.010135700764694226,-0.6322817354237528,4253.800000000003,0
272,32,JAWA BARAT,3212,KABUPATEN INDRAMAYU,UREA,70239.84,TON,2022,4,1.0,4.14241690552042,22043.569999999992,1
273,32,JAWA BARAT,3212,KABUPATEN INDRAMAYU,SP-36,124.77,TON,2022,3,0.0017763423151305586,-0.6726038456959698,22043.569999999992,1
274,32,JAWA BARAT,3212,KABUPATEN INDRAMAYU,ZA,301.7,TON,2022,5,0.0042952831327634005,-0.6604535102329556,22043.569999999992,1
275,32,JAWA BARAT,3212,KABUPATEN INDRAMAYU,NPK,44810.99,TON,2022,0,0.6379711286358284,2.396138388939478,22043.569999999992,1
276,32,JAWA BARAT,3212,KABUPATEN INDRAMAYU,ORGANIK GRANUL,2215.84,TON,2022,1,0.03154676889924579,-0.5290035406225233,22043.569999999992,1
277,32,JAWA BARAT,3213,KABUPATEN SUBANG,UREA,46785.12,TON,2022,4,0.6660766881017953,2.5317080591344707,17027.009999999995,1
278,32,JAWA BARAT,3213,KABUPATEN SUBANG,SP-36,264.0,TON,2022,3,0.003758550702848982,-0.6630424869297037,17027.009999999995,1
279,32,JAWA BARAT,3213,KABUPATEN SUBANG,ZA,169.35,TON,2022,5,0.0024110248542707387,-0.6695423979203456,17027.009999999995,1
280,32,JAWA BARAT,3213,KABUPATEN SUBANG,NPK,35560.02,TON,2022,0,0.5062656748648631,1.7608453981618852,17027.009999999995,1
281,32,JAWA BARAT,3213,KABUPATEN SUBANG,ORGANIK GRANUL,2426.85,TON,2022,1,0.03455090444397368,-0.5145128251641464,17027.009999999995,1
282,32,JAWA BARAT,3214,KABUPATEN PURWAKARTA,UREA,9052.83,TON,2022,4,0.12888454757300133,-0.05948609272068211,1636.7000000000007,0
283,32,JAWA BARAT,3214,KABUPATEN PURWAKARTA,SP-36,80.72,TON,2022,3,0.0011492053512650372,-0.6756288967169712,1636.7000000000007,0
284,32,JAWA BARAT,3214,KABUPATEN PURWAKARTA,ZA,8.78,TON,2022,5,0.0001250002847386896,-0.6805692411085905,1636.7000000000007,0
285,32,JAWA BARAT,3214,KABUPATEN PURWAKARTA,NPK,5791.81,TON,2022,0,0.0824576194934385,-0.28343051679573,1636.7000000000007,0
286,32,JAWA BARAT,3214,KABUPATEN PURWAKARTA,ORGANIK GRANUL,74.22,TON,2022,1,0.0010566652771418614,-0.6760752720095139,1636.7000000000007,0
287,32,JAWA BARAT,3215,KABUPATEN KARAWANG,UREA,52687.73,TON,2022,4,0.7501117599356719,2.9370587153676797,10945.399999999994,1
288,32,JAWA BARAT,3215,KABUPATEN KARAWANG,SP-36,169.43,TON,2022,3,0.002412163809029178,-0.6695369040705913,10945.399999999994,1
289,32,JAWA BARAT,3215,KABUPATEN KARAWANG,ZA,0.0,TON,2022,5,0.0,-0.681172191119133,10945.399999999994,1
290,32,JAWA BARAT,3215,KABUPATEN KARAWANG,NPK,33182.82,TON,2022,0,0.47242163421784567,1.5975956527107062,10945.399999999994,1
291,32,JAWA BARAT,3215,KABUPATEN KARAWANG,ORGANIK GRANUL,3659.97,TON,2022,1,0.05210675309055374,-0.4298306250502487,10945.399999999994,1
292,32,JAWA BARAT,3216,KABUPATEN BEKASI,UREA,24598.76,TON,2022,4,0.35021093442126294,1.0081014536792203,6355.550000000003,0
293,32,JAWA BARAT,3216,KABUPATEN BEKASI,SP-36,5.13,TON,2022,3,7.303547388490635e-05,-0.680819898003634,6355.550000000003,0
294,32,JAWA BARAT,3216,KABUPATEN BEKASI,ZA,0.0,TON,2022,5,0.0,-0.681172191119133,6355.550000000003,0
295,32,JAWA BARAT,3216,KABUPATEN BEKASI,NPK,13091.28,TON,2022,0,0.1863796956257304,0.21784687653613863,6355.550000000003,0
296,32,JAWA BARAT,3216,KABUPATEN BEKASI,ORGANIK GRANUL,266.47,TON,2022,1,0.003793715931015789,-0.6628728643185375,6355.550000000003,0
297,32,JAWA BARAT,3217,KABUPATEN BANDUNG BARAT,UREA,11081.54,TON,2022,4,0.1577671589229133,0.07983175646923109,2436.59,0
298,32,JAWA BARAT,3217,KABUPATEN BANDUNG BARAT,SP-36,721.55,TON,2022,3,0.010272660074396525,-0.6316210999907895,2436.59,0
299,32,JAWA BARAT,3217,KABUPATEN BANDUNG BARAT,ZA,760.78,TON,2022,5,0.010831175014066092,-0.628927053417489,2436.59,0
300,32,JAWA BARAT,3217,KABUPATEN BANDUNG BARAT,NPK,8267.41,TON,2022,0,0.11770257449333599,-0.1134233361466728,2436.59,0
301,32,JAWA BARAT,3217,KABUPATEN BANDUNG BARAT,ORGANIK GRANUL,281.75,TON,2022,1,0.0040112562898776535,-0.6618235390154523,2436.59,0
302,32,JAWA BARAT,3218,KABUPATEN PANGANDARAN,UREA,6114.58,TON,2022,4,0.08705287483570578,-0.2612648932304949,2987.91,0
303,32,JAWA BARAT,3218,KABUPATEN PANGANDARAN,SP-36,100.0,TON,2022,3,0.0014236934480488567,-0.6743048789261674,2987.91,0
304,32,JAWA BARAT,3218,KABUPATEN PANGANDARAN,ZA,2.41,TON,2022,5,3.431101209797745e-05,-0.6810066888952825,2987.91,0
305,32,JAWA BARAT,3218,KABUPATEN PANGANDARAN,NPK,7858.22,TON,2022,0,0.11187696327326488,-0.14152369090906886,2987.91,0
306,32,JAWA BARAT,3218,KABUPATEN PANGANDARAN,ORGANIK GRANUL,390.72,TON,2022,1,0.005562655040216494,-0.6543402289187777,2987.91,0
307,32,JAWA BARAT,3271,KOTA BOGOR,UREA,122.0,TON,2022,4,0.0017369060066196053,-0.672794070243715,-6.319999999999965,0
308,32,JAWA BARAT,3271,KOTA BOGOR,SP-36,3.0,TON,2022,3,4.2710803441465704e-05,-0.6809661717533441,-6.319999999999965,0
309,32,JAWA BARAT,3271,KOTA BOGOR,ZA,0.0,TON,2022,5,0.0,-0.681172191119133,-6.319999999999965,0
310,32,JAWA BARAT,3271,KOTA BOGOR,NPK,44.11,TON,2022,0,0.0006279911799343507,-0.6781430197108158,-6.319999999999965,0
311,32,JAWA BARAT,3271,KOTA BOGOR,ORGANIK GRANUL,10.91,TON,2022,1,0.00015532495518213028,-0.6804229673588804,-6.319999999999965,0
312,32,JAWA BARAT,3272,KOTA SUKABUMI,UREA,650.38,TON,2022,4,0.009259417447420154,-0.6365085660785231,31.38000000000011,0
313,32,JAWA BARAT,3272,KOTA SUKABUMI,SP-36,0.0,TON,2022,3,0.0,-0.681172191119133,31.38000000000011,0
314,32,JAWA BARAT,3272,KOTA SUKABUMI,ZA,0.0,TON,2022,5,0.0,-0.681172191119133,31.38000000000011,0
315,32,JAWA BARAT,3272,KOTA SUKABUMI,NPK,530.18,TON,2022,0,0.007548137922865428,-0.6447630753344678,31.38000000000011,0
316,32,JAWA BARAT,3272,KOTA SUKABUMI,ORGANIK GRANUL,0.0,TON,2022,1,0.0,-0.681172191119133,31.38000000000011,0
317,32,JAWA BARAT,3273,KOTA BANDUNG,UREA,22491.17,TON,2022,4,0.32020531367953003,0.8633666686314959,48138.03999999999,2
318,32,JAWA BARAT,3273,KOTA BANDUNG,SP-36,4799.82,TON,2022,3,0.06833472285813863,-0.35155356701872986,48138.03999999999,2
319,32,JAWA BARAT,3273,KOTA BANDUNG,ZA,5982.44,TON,2022,5,0.08517160631345402,-0.27033935956227967,48138.03999999999,2
320,32,JAWA BARAT,3273,KOTA BANDUNG,NPK,13527.0,TON,2022,0,0.19258301271756886,0.24776912922332844,48138.03999999999,2
321,32,JAWA BARAT,3273,KOTA BANDUNG,ORGANIK GRANUL,1698.87,TON,2022,1,0.02418670088086761,-0.5645054844664977,48138.03999999999,2
322,32,JAWA BARAT,3274,KOTA CIREBON,UREA,37.3,TON,2022,4,0.0005310376561222235,-0.6786106836711568,-9.350000000000001,0
323,32,JAWA BARAT,3274,KOTA CIREBON,SP-36,0.0,TON,2022,3,0.0,-0.681172191119133,-9.350000000000001,0
324,32,JAWA BARAT,3274,KOTA CIREBON,ZA,0.0,TON,2022,5,0.0,-0.681172191119133,-9.350000000000001,0
325,32,JAWA BARAT,3274,KOTA CIREBON,NPK,22.85,TON,2022,0,0.0003253139528791638,-0.6796030102830404,-9.350000000000001,0
326,32,JAWA BARAT,3274,KOTA CIREBON,ORGANIK GRANUL,0.0,TON,2022,1,0.0,-0.681172191119133,-9.350000000000001,0
327,32,JAWA BARAT,3275,KOTA BEKASI,UREA,60.47,TON,2022,4,0.0008609074280351436,-0.6770195274360468,-15.489999999999995,0
328,32,JAWA BARAT,3275,KOTA BEKASI,SP-36,7.05,TON,2022,3,0.0001003703880874444,-0.680688045609529,-15.489999999999995,0
329,32,JAWA BARAT,3275,KOTA BEKASI,ZA,0.0,TON,2022,5,0.0,-0.681172191119133,-15.489999999999995,0
330,32,JAWA BARAT,3275,KOTA BEKASI,NPK,48.0,TON,2022,0,0.0006833728550634513,-0.6778758812665094,-15.489999999999995,0
331,32,JAWA BARAT,3275,KOTA BEKASI,ORGANIK GRANUL,1.0,TON,2022,1,1.4236934480488567e-05,-0.6811035179972034,-15.489999999999995,0
332,32,JAWA BARAT,3276,KOTA DEPOK,UREA,8.94,TON,2022,4,0.00012727819425556778,-0.6805582534090818,-5.75,0
333,32,JAWA BARAT,3276,KOTA DEPOK,SP-36,0.0,TON,2022,3,0.0,-0.681172191119133,-5.75,0
334,32,JAWA BARAT,3276,KOTA DEPOK,ZA,0.0,TON,2022,5,0.0,-0.681172191119133,-5.75,0
335,32,JAWA BARAT,3276,KOTA DEPOK,NPK,3.44,TON,2022,0,4.897505461288067e-05,-0.680935955579695,-5.75,0
336,32,JAWA BARAT,3276,KOTA DEPOK,ORGANIK GRANUL,0.0,TON,2022,1,0.0,-0.681172191119133,-5.75,0
337,32,JAWA BARAT,3277,KOTA CIMAHI,UREA,57.23,TON,2022,4,0.0008147797603183606,-0.6772420283510988,38.928,0
338,32,JAWA BARAT,3277,KOTA CIMAHI,SP-36,7.89,TON,2022,3,0.00011232941305105479,-0.6806303601871081,38.928,0
339,32,JAWA BARAT,3277,KOTA CIMAHI,ZA,4.0,TON,2022,5,5.694773792195427e-05,-0.6808974986314144,38.928,0
340,32,JAWA BARAT,3277,KOTA CIMAHI,NPK,30.02,TON,2022,0,0.00042739277310426677,-0.6791106239988047,38.928,0
341,32,JAWA BARAT,3277,KOTA CIMAHI,ORGANIK GRANUL,2.14,TON,2022,1,3.0467039788245535e-05,-0.6810252306382035,38.928,0
342,32,JAWA BARAT,3278,KOTA TASIKMALAYA,UREA,1998.62,TON,2022,4,0.02845422199139406,-0.5439207161680832,562.6500000000001,0
343,32,JAWA BARAT,3278,KOTA TASIKMALAYA,SP-36,17.26,TON,2022,3,0.0002457294891332327,-0.6799868930346271,562.6500000000001,0
344,32,JAWA BARAT,3278,KOTA TASIKMALAYA,ZA,10.0,TON,2022,5,0.00014236934480488567,-0.6804854598998364,562.6500000000001,0
345,32,JAWA BARAT,3278,KOTA TASIKMALAYA,NPK,1986.56,TON,2022,0,0.02828252456155937,-0.544748914018555,562.6500000000001,0
346,32,JAWA BARAT,3278,KOTA TASIKMALAYA,ORGANIK GRANUL,120.85,TON,2022,1,0.0017205335319670433,-0.672873044333934,562.6500000000001,0
347,32,JAWA BARAT,3279,KOTA BANJAR,UREA,1530.41,TON,2022,4,0.02178834689828451,-0.5760741585867676,494.03999999999996,0
348,32,JAWA BARAT,3279,KOTA BANJAR,SP-36,13.8,TON,2022,3,0.00019646969583074223,-0.6802245020365038,494.03999999999996,0
349,32,JAWA BARAT,3279,KOTA BANJAR,ZA,28.17,TON,2022,5,0.00040105444431536296,-0.6792376692743746,494.03999999999996,0
350,32,JAWA BARAT,3279,KOTA BANJAR,NPK,1267.12,TON,2022,0,0.01803990441891667,-0.594155104859627,494.03999999999996,0
351,32,JAWA BARAT,3279,KOTA BANJAR,ORGANIK GRANUL,26.98,TON,2022,1,0.00038411249228358156,-0.6793193902894709,494.03999999999996,0
